{"options":{"comment":null,"compatopts_for_requires":true,"compat_wrappedjsobject":false,"compat_metadata":false,"compat_foreach":false,"compat_arrayleft":false,"compat_uW_gmonkey":false,"compat_forvarin":false,"noframes":null,"awareOfChrome":false,"run_at":null,"override":{"use_includes":[],"orig_includes":["http://www.youtube.com/*","https://www.youtube.com/*"],"merge_includes":true,"use_matches":[],"orig_matches":["http://www.youtube.com/*","https://www.youtube.com/*","http://s.ytimg.com/yts/jsbin/html5player*","https://s.ytimg.com/yts/jsbin/html5player*","http://manifest.googlevideo.com/*","https://manifest.googlevideo.com/*","http://*.googlevideo.com/videoplayback*","https://*.googlevideo.com/videoplayback*","http://*.youtube.com/videoplayback*","https://*.youtube.com/videoplayback*"],"merge_matches":true,"use_excludes":[],"orig_excludes":["http://www.youtube.com/embed/*","https://www.youtube.com/embed/*"],"merge_excludes":true,"use_connects":[],"merge_connects":true,"use_blockers":[],"orig_run_at":"document-end","orig_noframes":null,"orig_connects":["googlevideo.com","ytimg.com"]}},"settings":{"enabled":true,"position":9},"meta":{"name":"Download YouTube Videos as MP4","uuid":"1d7e344f-be41-494c-96d9-4a3535899c1f","modified":0,"file_url":"https://greasyfork.org/scripts/1317-download-youtube-videos-as-mp4/code/Download%20YouTube%20Videos%20as%20MP4.user.js"}}