{"ts":1483678683016,"data":{"particleSettings":"s{\"GEN_BTTR_NTF\":true,\"GEN_SUB_LIST\":true,\"GEN_INF_SCRL\":true,\"GEN_BLUE_GLOW\":true,\"GEN_PPOT_ON\":true,\"VID_END_SHRE\":true,\"VID_DFLT_QLTY\":\"auto\",\"VID_PLST_ATPL\":true,\"VID_PLST_RVRS\":true,\"VID_PLR_ATPL\":true,\"VID_PLR_ALVIS\":true,\"VID_PLR_SIZE_MEM\":true,\"VID_PLR_VOL_LDN\":true,\"VID_POST_TIME\":true,\"VID_VID_CNT\":true,\"VID_DESC_SHRT\":true,\"VID_PPOT_SZ\":533,\"VID_PLR_HTML5\":true,\"BLK_ON\":true,\"floaterX\":2000,\"floaterY\":2000,\"firstTime\":true,\"volLev\":50,\"advOpts\":true,\"blacklist\":{},\"extLang\":{\"zh_TW\":{\"YTSETS\":\"YouTube+ 設定\",\"ADV_OPTS\":\"進階選項\",\"SUB_PLST\":\"播放最新上傳的內容\",\"BLCK_ADD\":\"加入到黑名單\",\"BLCK_EDIT\":\"編輯\",\"BLCK_SAVE\":\"保存\",\"BLCK_CLSE\":\"關閉\",\"CNSL_AP\":\"自動播放\",\"CNSL_RPT\":\"再次播放影片\",\"CNSL_SVTH\":\"打開縮圖\",\"CNSL_SS\":\"螢幕截圖\",\"CNSL_SS_CLS\":\"關閉\",\"CNSL_FLBR\":\"網頁全螢幕模式\",\"CNSL_CINM_MD\":\"影院模式\",\"CNSL_FRME\":\"逐幀\",\"PLST_AP\":\"自動播放\",\"PLST_RVRS\":\"後退\",\"SHOW_CMTS\":\"顯示評論\",\"HIDE_CMTS\":\"隱藏評論\",\"GLB_IMPR\":\"匯入/匯出設定\",\"GLB_LOCL_LANG\":\"點擊以設定 YT+ 語言\",\"GLB_LOCL_LANG_CSTM\":\"本地化\",\"GLB_IMPR_SAVE\":\"保存和加載\",\"GLB_RSET\":\"重設\",\"GLB_SVE\":\"保存\",\"GLB_SVE_SETS\":\"設定已保存\",\"FTR_DESC\":\"這是什麼\",\"GEN\":\"一般\",\"VID\":\"影片\",\"CHN\":\"頻道\",\"BLK\":\"黑名單\",\"ABT\":\"關於\",\"HLP\":\"幫助\",\"DNT\":\"捐贈\",\"GEN_TTL\":\"通用設定\",\"GEN_GEN\":\"一般\",\"GEN_LYT\":\"介面\",\"GEN_LOCL_LANG\":\"使用更改過的 YT+ 語言\",\"GEN_DSBL_ADS\":\"禁止影片頁面以外的廣告\",\"GEN_INF_SCRL\":\"在訊息源列表啟用無限滾動\",\"GEN_YT_LOGO_LINK\":\"將YouTube標誌重定向到訂閱\",\"GEN_SUB_LIST\":\"啟用播放列表訂閱\",\"GEN_REM_APUN\":\"刪除自動播放下一個\",\"GEN_SPF_OFF\":\"關閉SPF\",\"GEN_HIDE_FTR\":\"隱藏頁腳\",\"GEN_BLUE_GLOW\":\"刪除點擊過的按鈕周圍的藍色光圈\",\"GEN_HDE_RECM_SDBR\":\"隱藏推薦頻道側邊欄\",\"GEN_HDE_SRCH_SDBR\":\"隱藏搜索結果側邊欄\",\"GEN_HDE_CHN_SDBR\":\"隱藏頻道側邊欄\",\"GEN_CMPT_TTLS\":\"在訊息源中使用緊湊型標題\",\"GEN_DSB_HVRC\":\"關閉懸停卡片\",\"GEN_BTTR_NTF\":\"改進的藍色通知框\",\"GEN_GRID_SUBS\":\"在訂閱中使用網格介面\",\"GEN_GRID_SRCH\":\"在搜索結果中使用網格介面\",\"VID_TTL\":\"影片設定\",\"VID_PLR\":\"播放器設定\",\"VID_PLR_LYT\":\"播放器介面\",\"VID_DFLT_QLTY\":\"預設影片質量：\",\"VID_DFLT_QLTY_AUTO\":\"自動\",\"VID_DFLT_QLTY_TNY\":\"144p\",\"VID_DFLT_QLTY_SML\":\"240p\",\"VID_DFLT_QLTY_MDM\":\"360p\",\"VID_DFLT_QLTY_LRG\":\"480p\",\"VID_DFLT_QLTY_720\":\"720p\",\"VID_DFLT_QLTY_1080\":\"1080p\",\"VID_DFLT_QLTY_1440\":\"1440p\",\"VID_DFLT_QLTY_2160\":\"2160p (4k)\",\"VID_DFLT_QLTY_2880\":\"2880p (5k)\",\"VID_DFLT_QLTY_ORIG\":\"4320p (8k)\",\"VID_PLR_ALVIS\":\"閱讀評論時保持播放器可見\",\"VID_PLR_ALVIS_RST\":\"重設位置\",\"VID_PLR_ALVIS_SCRL_TOP\":\"返回頂部\",\"VID_PLR_ATPL\":\"自動播放影片\",\"VID_LAYT\":\"介面\",\"VID_VID_CNT\":\"顯示指向已上傳影片數的鏈\",\"VID_POST_TIME\":\"顯示影片已發布時間\",\"VID_HIDE_DETLS\":\"隱藏影片詳細資料\",\"VID_HIDE_COMS\":\"評論區\",\"VID_HIDE_COMS_SHOW\":\"顯示\",\"VID_HIDE_COMS_HIDE\":\"隱藏\",\"VID_HIDE_COMS_REM\":\"刪除\",\"VID_END_SHRE\":\"影片結束時關閉分享面板\",\"VID_PLST\":\"播放列表\",\"VID_PLST_ATPL\":\"啟用自動播放列表\",\"VID_PLST_RVRS\":\"啟用反向播放列表\",\"VID_PLR_SIZE_MEM\":\"記住播放模式\",\"VID_VOL_WHEEL\":\"使用鼠標滾輪改變音量\",\"VID_PLR_VOL_MEM\":\"記住音量\",\"VID_PLR_ADS\":\"在影片頁面關閉廣告\",\"VID_PLR_ALACT\":\"播放器快捷方式始終處於活動狀態\",\"VID_SUB_ADS\":\"僅在訂閱頻道的影片中啟用廣告\",\"VID_PLR_ANTS\":\"關閉注釋\",\"VID_PLR_DASH\":\"關閉播放\",\"VID_PLR_CC\":\"關閉字幕和CC\",\"VID_PLR_INFO\":\"啟用稍後觀看按鈕\",\"VID_PLR_FIT\":\"適應頁面為劇場模式\",\"VID_PLR_FIT_WDTH\":\"適應頁面為最大寬度:\",\"VID_PLR_DYN_SIZE\":\"在預設視圖關閉播放器動態尺寸調節\",\"VID_DESC_SHRT\":\"短影片描述按鈕\",\"VID_TTL_CMPT\":\"在影片描述頁摺疊標題\",\"VID_LAYT_AUTO_PNL\":\"自動展開影片描述\",\"GEN_CHN_DFLT_PAGE\":\"預設的頻道頁面:\",\"GEN_CHN_DFLT_PAGE_DFLT\":\"預設\",\"GEN_CHN_DFLT_PAGE_VID\":\"影片\",\"GEN_CHN_DFLT_PAGE_PL\":\"播放列表\",\"GEN_CHN_DFLT_PAGE_CHN\":\"頻道\",\"GEN_CHN_DFLT_PAGE_DISC\":\"討論\",\"GEN_CHN_DFLT_PAGE_ABT\":\"關於\",\"BLK_TTL\":\"黑名單設定\",\"BLK_BLK\":\"黑名單\",\"BLK_ON\":\"啟用黑名單\",\"ABT_TTL\":\"訊息和有用的鏈接\",\"ABT_THKS\":\"鳴謝:\",\"ABT_THKS_YEPPHA\":\"，他們的工作給此項目帶來了靈感，沒有他們今天這些都不會存在。\",\"ABT_THKS_USERSCRIPT\":\" 使開發和發行第三方軟件的任務無比簡單。\",\"ABT_THKS_STACKOV\":\" 無價的訊息對軟件開發做出了巨大貢獻。\",\"ABT_INFO\":\"官方頁面\",\"ABT_LNK_GHB\":\"GitHub\",\"ABT_LNK_GRFK\":\"Greasy Fork\",\"ABT_LNK_OPNU\":\"OpenUserJS\",\"LOCALE\":\"中文 (繁體)\",\"lastMod\":1483377370000},\"nextCheck\":1484283483015}}"}}