{"options":{"awareOfChrome":false,"comment":null,"compat_arrayleft":false,"compat_foreach":false,"compat_forvarin":false,"compat_metadata":false,"compat_uW_gmonkey":false,"compat_wrappedjsobject":false,"compatopts_for_requires":true,"noframes":null,"override":{"merge_connects":true,"merge_excludes":true,"merge_includes":true,"merge_matches":true,"orig_connects":[],"orig_excludes":[],"orig_includes":["http*://avmo.pw/*","http*://avso.pw/*","http*://avxo.pw/*","http*://*javlibrary.com/*","http*://*5avlib.com/*","http*://*look4lib.com/*","http*://*javlib3.com/*","http*://*javli6.com/*","http*://*j8vlib.com/*","http*://*j9lib.com/*","http*://www.libredmm.com/products/*","http*://www.javbus.com/*","http*://www.javbus.me/*","http*://www.javbus2.com/*","http*://www.javbus3.com/*","http*://www.javbus5.com/*","http*://*j8vlib.com/*","http*://*j8vlib.com/*","http*://avdb.la/movie/*","http*://www.141jav.com/view/*","http*://www.av4you.net/work/*.htm","http*://www.dmmy18.com/*","http*://pan.baidu.com/disk/home*","http*://115.com/?tab=offline&mode=wangpan","http*://cloud.letv.com/webdisk/home/index","http*://disk.yun.uc.cn/","http*://www.furk.net/users/files/add","*.yunpan.360.cn/my/","http://www.dmm.co.jp/digital/videoa/*","http://www.btcherry.org/*","https://btdigg.org/search*"],"orig_matches":[],"orig_noframes":null,"orig_run_at":"document-end","use_blockers":[],"use_connects":[],"use_excludes":[],"use_includes":[],"use_matches":[]},"run_at":null},"settings":{"enabled":true,"position":1},"meta":{"name":"挊","uuid":"77ec453c-eea7-4924-85cb-4f7680f91fc5","modified":1477023330696,"file_url":"https://greasyfork.org/scripts/8392-%E6%8C%8A/code/%E6%8C%8A.user.js"}}