{"options":{"awareOfChrome":false,"comment":null,"compat_arrayleft":false,"compat_foreach":false,"compat_forvarin":false,"compat_metadata":false,"compat_uW_gmonkey":false,"compat_wrappedjsobject":false,"compatopts_for_requires":true,"noframes":null,"override":{"merge_connects":true,"merge_excludes":true,"merge_includes":true,"merge_matches":true,"orig_connects":[],"orig_excludes":["http://yun.baidu.com","http://yun.baidu.com/#*","http://pan.baidu.com/share/manage*","http://pan.baidu.com/disk/recyclebin*","http://yun.baidu.com/pcloud/album/info*"],"orig_includes":["https://pan.baidu.com/*","http://pan.baidu.com/*","http://yun.baidu.com/*"],"orig_matches":[],"orig_noframes":null,"orig_run_at":"document-end","use_blockers":[],"use_connects":[],"use_excludes":[],"use_includes":[],"use_matches":[]},"run_at":null},"settings":{"enabled":true,"position":5},"meta":{"name":"百度网盘助手•改","uuid":"56ccc86f-00ef-43cb-a412-3d400a7323ce","modified":1477023330735,"file_url":"https://greasyfork.org/scripts/17083-%E7%99%BE%E5%BA%A6%E7%BD%91%E7%9B%98%E5%8A%A9%E6%89%8B-%E6%94%B9/code/%E7%99%BE%E5%BA%A6%E7%BD%91%E7%9B%98%E5%8A%A9%E6%89%8B%E2%80%A2%E6%94%B9.user.js"}}