{"options":{"awareOfChrome":false,"comment":null,"compat_arrayleft":false,"compat_foreach":false,"compat_forvarin":false,"compat_metadata":false,"compat_uW_gmonkey":false,"compat_wrappedjsobject":false,"compatopts_for_requires":true,"noframes":null,"override":{"merge_connects":true,"merge_excludes":true,"merge_includes":true,"merge_matches":true,"orig_excludes":[],"orig_includes":[],"orig_matches":["http://www.baidu.com/s*","https://www.baidu.com/s*"],"orig_noframes":null,"orig_run_at":"document-end","use_blockers":[],"use_connects":[],"use_excludes":[],"use_includes":[],"use_matches":[]},"run_at":null},"settings":{"enabled":true,"position":7},"meta":{"name":"移除百度搜索的广告","uuid":"994c2937-b0f5-4dbe-ae99-ab9c7f14751a","modified":1477008630866,"file_url":"https://greasyfork.org/scripts/18288-%E7%A7%BB%E9%99%A4%E7%99%BE%E5%BA%A6%E6%90%9C%E7%B4%A2%E7%9A%84%E5%B9%BF%E5%91%8A/code/%E7%A7%BB%E9%99%A4%E7%99%BE%E5%BA%A6%E6%90%9C%E7%B4%A2%E7%9A%84%E5%B9%BF%E5%91%8A.user.js"}}