{"options":{"awareOfChrome":false,"comment":null,"compat_arrayleft":false,"compat_foreach":false,"compat_forvarin":false,"compat_metadata":false,"compat_uW_gmonkey":false,"compat_wrappedjsobject":false,"compatopts_for_requires":true,"noframes":null,"override":{"merge_connects":true,"merge_excludes":true,"merge_includes":true,"merge_matches":true,"orig_excludes":[],"orig_includes":[],"orig_matches":["*://*/*"],"orig_noframes":null,"orig_run_at":"document-idle","use_blockers":[],"use_connects":[],"use_excludes":[],"use_includes":[],"use_matches":[]},"run_at":null},"settings":{"enabled":true,"position":3},"meta":{"name":"网盘提取工具","uuid":"bb27ec9f-550c-4e85-b255-64011a62602d","modified":1477008630840,"file_url":"https://greasyfork.org/scripts/18733-%E7%BD%91%E7%9B%98%E6%8F%90%E5%8F%96%E5%B7%A5%E5%85%B7/code/%E7%BD%91%E7%9B%98%E6%8F%90%E5%8F%96%E5%B7%A5%E5%85%B7.user.js"}}